x,y,z
299.99999999994907,37499.999999999985,4649.9999999999991
150.0,36150.000000000015,4650.0
149.99999999994179,37649.999999999985,-1.3500311979441904e-12
149.99999999994179,37649.999999999985,-1.3500311979441904e-12
150.0,36150.000000000015,4650.0
-3.637978807091713e-12,36150.000000000015,1.2789769243681803e-13
-3.637978807091713e-12,36150.000000000015,1.2789769243681803e-13
150.0,36150.000000000015,4650.0
149.99999999999272,34650.000000000015,-1.0942358130705543e-12
149.99999999999272,34650.000000000015,-1.0942358130705543e-12
150.0,36150.000000000015,4650.0
0.0,34650.000000000015,4649.9999999999991
149.99999999999272,34650.000000000015,-1.0942358130705543e-12
0.0,34650.000000000015,4649.9999999999991
150.00000000000728,33150.000000000015,4649.9999999999991
149.99999999999272,34650.000000000015,-1.0942358130705543e-12
150.00000000000728,33150.000000000015,4649.9999999999991
300.0,33150.000000000015,-1.0089706847793423e-12
300.0,33150.000000000015,-1.0089706847793423e-12
150.00000000000728,33150.000000000015,4649.9999999999991
149.99999999997817,31650.000000000018,-1.9184653865522705e-12
150.00000000000728,33150.000000000015,4649.9999999999991
299.99999999999272,31650.000000000011,4649.9999999999991
149.99999999997817,31650.000000000018,-1.9184653865522705e-12
299.99999999999272,31650.000000000011,4649.9999999999991
150.0,30150.000000000011,4649.9999999999991
149.99999999997817,31650.000000000018,-1.9184653865522705e-12
149.99999999997817,31650.000000000018,-1.9184653865522705e-12
150.0,30150.000000000011,4649.9999999999991
-1.4551915228366852e-11,30150.000000000011,-4.4053649617126212e-13
-1.4551915228366852e-11,30150.000000000011,-4.4053649617126212e-13
150.0,30150.000000000011,4649.9999999999991
150.0,28650.000000000018,-1.2363443602225743e-12
150.0,30150.000000000011,4649.9999999999991
0.0,28650.000000000011,4649.9999999999991
150.0,28650.000000000018,-1.2363443602225743e-12
-3.637978807091713e-12,6150.0,3.5527136788005009e-13
150.0,6149.9999999999964,4649.9999999999991
149.99999999999272,4649.9999999999964,-3.2684965844964609e-13
149.99999999999272,4649.9999999999964,-3.2684965844964609e-13
150.0,6149.9999999999964,4649.9999999999991
0.0,4649.9999999999964,4649.9999999999982
0.0,4649.9999999999964,4649.9999999999982
149.99999999998909,3149.9999999999927,4649.9999999999991
149.99999999999272,4649.9999999999964,-3.2684965844964609e-13
149.99999999999272,4649.9999999999964,-3.2684965844964609e-13
149.99999999998909,3149.9999999999927,4649.9999999999991
299.99999999999272,3149.9999999999964,1.4210854715202004e-14
299.99999999999272,3149.9999999999964,1.4210854715202004e-14
149.99999999998909,3149.9999999999927,4649.9999999999991
150.00000000000364,1649.9999999999964,-4.6895820560166612e-13
149.99999999998909,3149.9999999999927,4649.9999999999991
299.99999999999272,1649.9999999999927,4649.9999999999991
150.00000000000364,1649.9999999999964,-4.6895820560166612e-13
150.00000000000364,1649.9999999999964,-4.6895820560166612e-13
299.99999999999272,1649.9999999999927,4649.9999999999991
149.99999999995998,150.00000000001637,4649.9999999999991
150.00000000000364,1649.9999999999964,-4.6895820560166612e-13
149.99999999995998,150.00000000001637,4649.9999999999991
0.0,0.0,0.0
0.0,0.0,0.0
149.99999999995998,150.00000000001637,4649.9999999999991
1650.0,150.00000000000364,-2.5934809855243657e-12
149.99999999995998,150.00000000001637,4649.9999999999991
1649.9999999999709,299.99999999999636,4649.9999999999991
1650.0,150.00000000000364,-2.5934809855243657e-12
1649.9999999999709,299.99999999999636,4649.9999999999991
3149.9999999999927,150.0,4650.0
1650.0,150.00000000000364,-2.5934809855243657e-12
1650.0,150.00000000000364,-2.5934809855243657e-12
3149.9999999999927,150.0,4650.0
3150.0000000000036,299.99999999999272,-2.0889956431346945e-12
3150.0000000000036,299.99999999999272,-2.0889956431346945e-12
3149.9999999999927,150.0,4650.0
4650.0000000000073,150.00000000001091,1.2789769243681803e-13
3149.9999999999927,150.0,4650.0
4649.9999999999927,1.8189894035458565e-11,4650.0000000000018
4650.0000000000073,150.00000000001091,1.2789769243681803e-13
19799.999999999942,7649.9999999999454,-7.815970093361102e-13
19649.999999999993,7649.9999999999454,4649.9999999999964
19649.999999999993,9149.9999999999418,-2.0321522242738865e-12
19649.999999999993,7649.9999999999454,4649.9999999999964
19799.999999999942,9149.9999999999454,4649.9999999999991
19649.999999999993,9149.9999999999418,-2.0321522242738865e-12
19649.999999999993,9149.9999999999418,-2.0321522242738865e-12
19799.999999999942,9149.9999999999454,4649.9999999999991
19649.999999999993,10649.999999999945,4649.9999999999991
19649.999999999993,9149.9999999999418,-2.0321522242738865e-12
19649.999999999993,10649.999999999945,4649.9999999999991
19499.999999999993,10649.999999999938,-1.1226575225009583e-12
19499.999999999993,10649.999999999938,-1.1226575225009583e-12
19649.999999999993,10649.999999999945,4649.9999999999991
19649.999999999993,12149.999999999942,-2.3163693185779266e-12
19649.999999999993,10649.999999999945,4649.9999999999991
19499.999999999993,12149.999999999945,4649.9999999999991
19649.999999999993,12149.999999999942,-2.3163693185779266e-12
19649.999999999993,12149.999999999942,-2.3163693185779266e-12
19499.999999999993,12149.999999999945,4649.9999999999991
19649.999999999985,13649.999999999953,4649.9999999999991
19649.999999999993,12149.999999999942,-2.3163693185779266e-12
19649.999999999985,13649.999999999953,4649.9999999999991
19799.999999999942,13649.999999999949,-1.6910917111090384e-12
19799.999999999942,13649.999999999949,-1.6910917111090384e-12
19649.999999999985,13649.999999999953,4649.9999999999991
19649.999999999956,15150.000000000167,-1.0089706847793423e-12
19649.999999999985,13649.999999999953,4649.9999999999991
19799.999999999942,15149.999999999953,4649.9999999999991
19649.999999999956,15150.000000000167,-1.0089706847793423e-12
19649.999999999956,15150.000000000167,-1.0089706847793423e-12
19799.999999999942,15149.999999999953,4649.9999999999991
19650.0,16649.999999999949,4649.9999999999991
19649.999999999956,15150.000000000167,-1.0089706847793423e-12
19650.0,16649.999999999949,4649.9999999999991
19500.0,16649.999999999938,-1.1226575225009583e-12
19500.0,16649.999999999938,-1.1226575225009583e-12
19650.0,16649.999999999949,4649.9999999999991
19650.0,18149.999999999942,-1.8047785488306545e-12
19650.0,16649.999999999949,4649.9999999999991
19499.999999999993,18149.999999999949,4649.9999999999991
19650.0,18149.999999999942,-1.8047785488306545e-12
19650.0,18149.999999999942,-1.8047785488306545e-12
19499.999999999993,18149.999999999949,4649.9999999999991
19650.0,19649.999999999956,4649.9999999999991
19650.0,18149.999999999942,-1.8047785488306545e-12
19650.0,19649.999999999956,4649.9999999999991
19799.999999999942,19649.999999999945,-1.4637180356658064e-12
19799.999999999942,19649.999999999945,-1.4637180356658064e-12
19650.0,19649.999999999956,4649.9999999999991
19650.0,21149.999999999945,-1.3500311979441904e-12
19650.0,19649.999999999956,4649.9999999999991
19799.999999999942,21149.99999999996,4649.9999999999991
19650.0,21149.999999999945,-1.3500311979441904e-12
19650.0,21149.999999999945,-1.3500311979441904e-12
19799.999999999942,21149.99999999996,4649.9999999999991
19649.999999999993,22649.999999999953,4649.9999999999991
19650.0,21149.999999999945,-1.3500311979441904e-12
19649.999999999993,22649.999999999953,4649.9999999999991
19499.999999999993,22649.999999999945,-4.4053649617126212e-13
19499.999999999993,22649.999999999945,-4.4053649617126212e-13
19649.999999999993,22649.999999999953,4649.9999999999991
19650.0,24149.999999999953,-1.3500311979441904e-12
19649.999999999993,22649.999999999953,4649.9999999999991
19499.999999999993,24149.999999999953,4649.9999999999991
19650.0,24149.999999999953,-1.3500311979441904e-12
19650.0,24149.999999999953,-1.3500311979441904e-12
19499.999999999993,24149.999999999953,4649.9999999999991
19649.999999999993,25649.99999999996,4649.9999999999982
19650.0,24149.999999999953,-1.3500311979441904e-12
19649.999999999993,25649.99999999996,4649.9999999999982
19799.999999999942,25649.999999999953,-1.9184653865522705e-12
19799.999999999942,25649.999999999953,-1.9184653865522705e-12
19649.999999999993,25649.99999999996,4649.9999999999982
19649.999999999993,27149.999999999953,-7.815970093361102e-13
19649.999999999993,25649.99999999996,4649.9999999999982
19799.999999999927,27149.99999999996,4649.9999999999991
19649.999999999993,27149.999999999953,-7.815970093361102e-13
19799.999999999927,27149.99999999996,4649.9999999999991
19649.999999999993,28649.999999999945,4650.0
19649.999999999993,27149.999999999953,-7.815970093361102e-13
19649.999999999993,27149.999999999953,-7.815970093361102e-13
19649.999999999993,28649.999999999945,4650.0
19499.999999999993,28649.999999999938,1.2789769243681803e-13
19499.999999999993,28649.999999999938,1.2789769243681803e-13
19649.999999999993,28649.999999999945,4650.0
19649.999999999993,30149.999999999945,-2.2026824808563106e-12
19649.999999999993,30149.999999999945,-2.2026824808563106e-12
19649.999999999993,28649.999999999945,4650.0
19499.999999999993,30149.999999999953,4649.9999999999991
19649.999999999993,30149.999999999945,-2.2026824808563106e-12
19499.999999999993,30149.999999999953,4649.9999999999991
19649.999999999993,31649.999999999953,4649.9999999999982
19649.999999999993,30149.999999999945,-2.2026824808563106e-12
19649.999999999993,31649.999999999953,4649.9999999999982
19799.999999999913,31649.999999999953,-1.6910917111090384e-12
19799.999999999913,31649.999999999953,-1.6910917111090384e-12
19649.999999999993,31649.999999999953,4649.9999999999982
19649.999999999993,33149.999999999942,-8.3844042819691822e-13
19649.999999999993,31649.999999999953,4649.9999999999982
19799.999999999942,33149.999999999956,4649.9999999999991
19649.999999999993,33149.999999999942,-8.3844042819691822e-13
19799.999999999942,33149.999999999956,4649.9999999999991
19649.999999999993,34649.999999999956,4650.0
19649.999999999993,33149.999999999942,-8.3844042819691822e-13
19649.999999999993,33149.999999999942,-8.3844042819691822e-13
19649.999999999993,34649.999999999956,4650.0
19499.999999999993,34649.999999999956,-4.4053649617126212e-13
19499.999999999993,34649.999999999956,-4.4053649617126212e-13
19649.999999999993,34649.999999999956,4650.0
19649.999999999993,36149.999999999956,-8.9528384705772623e-13
19649.999999999993,34649.999999999956,4650.0
19499.999999999993,36149.999999999956,4650.0
19649.999999999993,36149.999999999956,-8.9528384705772623e-13
19649.999999999993,36149.999999999956,-8.9528384705772623e-13
19499.999999999993,36149.999999999956,4650.0
19649.999999999942,37650.0,4649.9999999999973
19649.999999999993,36149.999999999956,-8.9528384705772623e-13
19649.999999999942,37650.0,4649.9999999999973
19799.999999999884,37800.0,-4.9880100050359033e-12
19799.999999999884,37800.0,-4.9880100050359033e-12
19649.999999999942,37650.0,4649.9999999999973
18150.000000000007,37650.000000000029,-2.3732127374387346e-12
19649.999999999942,37650.0,4649.9999999999973
18150.000000000007,37500.000000000015,4649.9999999999991
18150.000000000007,37650.000000000029,-2.3732127374387346e-12
18150.000000000007,37650.000000000029,-2.3732127374387346e-12
18150.000000000007,37500.000000000015,4649.9999999999991
16650.0,37649.999999999971,4649.9999999999991
18150.000000000007,37650.000000000029,-2.3732127374387346e-12
16650.0,37649.999999999971,4649.9999999999991
16650.0,37500.000000000015,-9.9475983006414026e-14
16650.0,37500.000000000015,-9.9475983006414026e-14
16650.0,37649.999999999971,4649.9999999999991
15150.000000000007,37650.000000000015,-1.9184653865522705e-12
16650.0,37649.999999999971,4649.9999999999991
15150.000000000015,37800.0,4649.9999999999991
15150.000000000007,37650.000000000015,-1.9184653865522705e-12
15150.000000000015,37800.0,4649.9999999999991
13649.999999999993,37649.999999999985,4649.9999999999991
15150.000000000007,37650.000000000015,-1.9184653865522705e-12
15150.000000000007,37650.000000000015,-1.9184653865522705e-12
13649.999999999993,37649.999999999985,4649.9999999999991
13650.000000000007,37799.999999999971,-6.6791017161449417e-13
13650.000000000007,37799.999999999971,-6.6791017161449417e-13
13649.999999999993,37649.999999999985,4649.9999999999991
12150.000000000015,37650.000000000029,-1.0658141036401503e-12
13649.999999999993,37649.999999999985,4649.9999999999991
12150.000000000015,37500.000000000015,4649.9999999999991
12150.000000000015,37650.000000000029,-1.0658141036401503e-12
12150.000000000015,37500.000000000015,4649.9999999999991
10650.000000000015,37650.0,4650.0
12150.000000000015,37650.000000000029,-1.0658141036401503e-12
12150.000000000015,37650.000000000029,-1.0658141036401503e-12
10650.000000000015,37650.0,4650.0
10650.000000000007,37500.000000000015,-5.5422333389287814e-13
10650.000000000007,37500.000000000015,-5.5422333389287814e-13
10650.000000000015,37650.0,4650.0
9150.0,37650.000000000015,-8.3844042819691822e-13
9150.0,37650.000000000015,-8.3844042819691822e-13
10650.000000000015,37650.0,4650.0
9150.0,37800.000000000015,4649.9999999999991
9150.0,37650.000000000015,-8.3844042819691822e-13
9150.0,37800.000000000015,4649.9999999999991
7650.0000000000073,37650.0,4649.9999999999991
9150.0,37650.000000000015,-8.3844042819691822e-13
7650.0000000000073,37650.0,4649.9999999999991
7650.0000000000073,37799.999999999971,-4.4053649617126212e-13
7650.0000000000073,37799.999999999971,-4.4053649617126212e-13
7650.0000000000073,37650.0,4649.9999999999991
6150.0000000000146,37650.000000000029,-1.3500311979441904e-12
7650.0000000000073,37650.0,4649.9999999999991
6150.0000000000073,37500.000000000015,4649.9999999999991
6150.0000000000146,37650.000000000029,-1.3500311979441904e-12
1650.0,37800.000000000015,-3.2684965844964609e-13
1650.0,37650.000000000015,4649.9999999999991
149.99999999994179,37649.999999999985,-1.3500311979441904e-12
1650.0,37650.000000000015,4649.9999999999991
299.99999999994907,37499.999999999985,4649.9999999999991
149.99999999994179,37649.999999999985,-1.3500311979441904e-12
299.99999999995634,37499.999999999985,4649.9999999999991
149.99999999994907,37649.999999999971,8100.0
150.0,36150.0,4650.0
150.0,36150.0,4650.0
149.99999999994907,37649.999999999971,8100.0
299.99999999995634,36150.000000000015,8099.9999999999982
299.99999999995634,36150.000000000015,8099.9999999999982
149.99999999994907,34650.0,8099.9999999999991
150.0,36150.0,4650.0
150.0,36150.0,4650.0
149.99999999994907,34650.0,8099.9999999999991
-7.2759576141834259e-12,34650.000000000015,4649.9999999999991
-7.2759576141834259e-12,34650.000000000015,4649.9999999999991
149.99999999994907,34650.0,8099.9999999999991
150.0,33150.000000000015,4649.9999999999982
149.99999999994907,34650.0,8099.9999999999991
-4.3655745685100555e-11,33150.0,8099.9999999999982
150.0,33150.000000000015,4649.9999999999982
150.0,33150.000000000015,4649.9999999999982
-4.3655745685100555e-11,33150.0,8099.9999999999982
149.99999999996726,31650.000000000004,8099.9999999999982
150.0,33150.000000000015,4649.9999999999982
149.99999999996726,31650.000000000004,8099.9999999999982
299.99999999999636,31650.000000000011,4649.9999999999973
299.99999999999636,31650.000000000011,4649.9999999999973
149.99999999996726,31650.000000000004,8099.9999999999982
150.0,30150.000000000004,4649.9999999999982
149.99999999996726,31650.000000000004,8099.9999999999982
299.99999999996362,30150.000000000004,8099.9999999999991
150.0,30150.000000000004,4649.9999999999982
150.0,30150.000000000004,4649.9999999999982
299.99999999996362,30150.000000000004,8099.9999999999991
149.99999999995998,28649.999999999996,8099.9999999999973
150.0,30150.000000000004,4649.9999999999982
149.99999999995998,28649.999999999996,8099.9999999999973
0.0,28650.000000000011,4649.9999999999973
0.0,28650.000000000011,4649.9999999999973
149.99999999995998,28649.999999999996,8099.9999999999973
149.99999999995998,27150.000000000011,4649.9999999999991
149.99999999995998,28649.999999999996,8099.9999999999973
-2.9103830456733704e-11,27150.000000000011,8099.9999999999991
149.99999999995998,27150.000000000011,4649.9999999999991
149.99999999995998,27150.000000000011,4649.9999999999991
-2.9103830456733704e-11,27150.000000000011,8099.9999999999991
149.99999999997453,25649.999999999996,8099.9999999999991
149.99999999995998,27150.000000000011,4649.9999999999991
149.99999999997453,25649.999999999996,8099.9999999999991
299.9999999999709,25650.000000000011,4649.9999999999991
299.9999999999709,25650.000000000011,4649.9999999999991
149.99999999997453,25649.999999999996,8099.9999999999991
149.9999999999709,24149.999999999996,4649.9999999999991
149.99999999997453,25649.999999999996,8099.9999999999991
299.99999999997453,24149.999999999996,8100.0
149.9999999999709,24149.999999999996,4649.9999999999991
149.9999999999709,24149.999999999996,4649.9999999999991
299.99999999997453,24149.999999999996,8100.0
149.9999999999709,22649.999999999996,8099.9999999999973
149.9999999999709,24149.999999999996,4649.9999999999991
149.9999999999709,22649.999999999996,8099.9999999999973
-3.637978807091713e-11,22650.000000000004,4649.9999999999982
-3.637978807091713e-11,22650.000000000004,4649.9999999999982
149.9999999999709,22649.999999999996,8099.9999999999973
149.9999999999709,21150.000000000004,4649.9999999999991
149.9999999999709,22649.999999999996,8099.9999999999973
-1.8189894035458565e-11,21150.0,8099.9999999999973
149.9999999999709,21150.000000000004,4649.9999999999991
149.9999999999709,21150.000000000004,4649.9999999999991
-1.8189894035458565e-11,21150.0,8099.9999999999973
149.99999999997817,19650.000000000004,8099.9999999999982
149.9999999999709,21150.000000000004,4649.9999999999991
149.99999999997817,19650.000000000004,8099.9999999999982
299.9999999999709,19650.000000000004,4649.9999999999991
299.9999999999709,19650.000000000004,4649.9999999999991
149.99999999997817,19650.000000000004,8099.9999999999982
149.9999999999709,18149.999999999996,4649.9999999999991
149.99999999997817,19650.000000000004,8099.9999999999982
299.99999999997817,18149.999999999996,8099.9999999999991
149.9999999999709,18149.999999999996,4649.9999999999991
149.9999999999709,18149.999999999996,4649.9999999999991
299.99999999997817,18149.999999999996,8099.9999999999991
149.99999999998909,16649.999999999996,8099.9999999999991
149.9999999999709,18149.999999999996,4649.9999999999991
149.99999999998909,16649.999999999996,8099.9999999999991
-2.1827872842550278e-11,16650.000000000004,4650.0000000000009
-2.1827872842550278e-11,16650.000000000004,4650.0000000000009
149.99999999998909,16649.999999999996,8099.9999999999991
149.99999999998181,15150.0,4650.0
149.99999999998181,15150.0,4650.0
149.99999999998909,16649.999999999996,8099.9999999999991
-1.4551915228366852e-11,15150.0,8099.9999999999982
-1.4551915228366852e-11,15150.0,8099.9999999999982
149.99999999999272,13649.999999999996,8099.9999999999991
149.99999999998181,15150.0,4650.0
149.99999999998181,15150.0,4650.0
149.99999999999272,13649.999999999996,8099.9999999999991
299.99999999998909,13650.000000000004,4649.9999999999991
299.99999999998909,13650.000000000004,4649.9999999999991
149.99999999999272,13649.999999999996,8099.9999999999991
149.99999999999272,12150.000000000004,4649.9999999999991
149.99999999999272,13649.999999999996,8099.9999999999991
299.99999999999636,12149.999999999996,8099.9999999999991
149.99999999999272,12150.000000000004,4649.9999999999991
149.99999999999272,12150.000000000004,4649.9999999999991
299.99999999999636,12149.999999999996,8099.9999999999991
150.0,10649.999999999996,8099.9999999999991
149.99999999999272,12150.000000000004,4649.9999999999991
150.0,10649.999999999996,8099.9999999999991
-7.2759576141834259e-12,10650.0,4649.9999999999991
-7.2759576141834259e-12,10650.0,4649.9999999999991
150.0,10649.999999999996,8099.9999999999991
149.99999999998909,9149.9999999999964,4649.9999999999982
150.0,10649.999999999996,8099.9999999999991
0.0,9149.9999999999964,8099.9999999999982
149.99999999998909,9149.9999999999964,4649.9999999999982
149.99999999998909,9149.9999999999964,4649.9999999999982
0.0,9149.9999999999964,8099.9999999999982
150.00000000000728,7649.9999999999964,8099.9999999999991
149.99999999998909,9149.9999999999964,4649.9999999999982
150.00000000000728,7649.9999999999964,8099.9999999999991
299.99999999999272,7650.0,4649.9999999999991
299.99999999999272,7650.0,4649.9999999999991
150.00000000000728,7649.9999999999964,8099.9999999999991
150.00000000000364,6149.9999999999964,4649.9999999999991
150.00000000000364,6149.9999999999964,4649.9999999999991
150.00000000000728,7649.9999999999964,8099.9999999999991
300.00000000000728,6149.9999999999927,8099.9999999999982
300.00000000000728,6149.9999999999927,8099.9999999999982
150.00000000000364,4649.9999999999891,8099.9999999999991
150.00000000000364,6149.9999999999964,4649.9999999999991
150.00000000000364,6149.9999999999964,4649.9999999999991
150.00000000000364,4649.9999999999891,8099.9999999999991
0.0,4649.9999999999945,4649.9999999999991
0.0,4649.9999999999945,4649.9999999999991
150.00000000000364,4649.9999999999891,8099.9999999999991
149.99999999998909,3149.9999999999945,4649.9999999999991
149.99999999998909,3149.9999999999945,4649.9999999999991
150.00000000000364,4649.9999999999891,8099.9999999999991
1.4551915228366852e-11,3149.9999999999854,8099.9999999999991
149.99999999998909,3149.9999999999945,4649.9999999999991
1.4551915228366852e-11,3149.9999999999854,8099.9999999999991
150.00000000001455,1649.9999999999891,8099.9999999999982
149.99999999998909,3149.9999999999945,4649.9999999999991
150.00000000001455,1649.9999999999891,8099.9999999999982
299.99999999999272,1649.9999999999964,4649.9999999999991
299.99999999999272,1649.9999999999964,4649.9999999999991
150.00000000001455,1649.9999999999891,8099.9999999999982
149.99999999995998,150.00000000001819,4649.9999999999982
150.00000000001455,1649.9999999999891,8099.9999999999982
300.00000000001455,299.99999999999636,8099.9999999999973
149.99999999995998,150.00000000001819,4649.9999999999982
149.99999999995998,150.00000000001819,4649.9999999999982
300.00000000001455,299.99999999999636,8099.9999999999973
1649.9999999999782,149.9999999999618,8099.9999999999991
149.99999999995998,150.00000000001819,4649.9999999999982
1649.9999999999782,149.9999999999618,8099.9999999999991
1649.9999999999818,299.99999999999636,4649.9999999999991
1649.9999999999818,299.99999999999636,4649.9999999999991
1649.9999999999782,149.9999999999618,8099.9999999999991
3149.9999999999927,150.0,4649.9999999999982
3149.9999999999927,150.0,4649.9999999999982
1649.9999999999782,149.9999999999618,8099.9999999999991
3149.9999999999818,-2.0008883439004421e-11,8099.9999999999973
3149.9999999999927,150.0,4649.9999999999982
3149.9999999999818,-2.0008883439004421e-11,8099.9999999999973
4649.9999999999818,149.99999999996362,8099.9999999999982
3149.9999999999927,150.0,4649.9999999999982
4649.9999999999818,149.99999999996362,8099.9999999999982
4649.9999999999818,1.6370904631912708e-11,4649.9999999999982
19649.999999999985,7649.9999999999454,4650.0
19499.999999999993,7649.9999999999454,8099.9999999999982
19650.0,9149.9999999999491,8099.9999999999982
19649.999999999985,7649.9999999999454,4650.0
19650.0,9149.9999999999491,8099.9999999999982
19799.999999999942,9149.9999999999454,4649.9999999999991
19799.999999999942,9149.9999999999454,4649.9999999999991
19650.0,9149.9999999999491,8099.9999999999982
19649.999999999993,10649.999999999949,4649.9999999999991
19650.0,9149.9999999999491,8099.9999999999982
19799.999999999942,10649.999999999949,8099.9999999999973
19649.999999999993,10649.999999999949,4649.9999999999991
19799.999999999942,10649.999999999949,8099.9999999999973
19649.999999999993,12149.999999999953,8099.9999999999991
19649.999999999993,10649.999999999949,4649.9999999999991
19649.999999999993,10649.999999999949,4649.9999999999991
19649.999999999993,12149.999999999953,8099.9999999999991
19499.999999999985,12149.999999999945,4650.0000000000009
19499.999999999985,12149.999999999945,4650.0000000000009
19649.999999999993,12149.999999999953,8099.9999999999991
19649.999999999993,13649.999999999945,4649.9999999999991
19649.999999999993,13649.999999999945,4649.9999999999991
19649.999999999993,12149.999999999953,8099.9999999999991
19500.0,13649.999999999953,8099.9999999999982
19649.999999999993,13649.999999999945,4649.9999999999991
19500.0,13649.999999999953,8099.9999999999982
19649.999999999978,15149.999999999953,8099.9999999999982
19649.999999999993,13649.999999999945,4649.9999999999991
19649.999999999978,15149.999999999953,8099.9999999999982
19799.999999999935,15149.999999999945,4649.9999999999973
19799.999999999935,15149.999999999945,4649.9999999999973
19649.999999999978,15149.999999999953,8099.9999999999982
19649.999999999985,16649.999999999949,4649.9999999999982
19649.999999999978,15149.999999999953,8099.9999999999982
19799.99999999992,16649.999999999949,8099.9999999999973
19649.999999999985,16649.999999999949,4649.9999999999982
19799.99999999992,16649.999999999949,8099.9999999999973
19649.999999999978,18149.999999999956,8100.0
19649.999999999985,16649.999999999949,4649.9999999999982
19649.999999999985,16649.999999999949,4649.9999999999982
19649.999999999978,18149.999999999956,8100.0
19500.0,18149.999999999953,4649.9999999999991
19500.0,18149.999999999953,4649.9999999999991
19649.999999999978,18149.999999999956,8100.0
19649.999999999993,19649.999999999953,4649.9999999999991
19649.999999999993,19649.999999999953,4649.9999999999991
19649.999999999978,18149.999999999956,8100.0
19499.999999999978,19649.999999999956,8099.9999999999991
19649.999999999993,19649.999999999953,4649.9999999999991
19499.999999999978,19649.999999999956,8099.9999999999991
19649.999999999971,21149.999999999956,8099.9999999999982
19649.999999999993,19649.999999999953,4649.9999999999991
19649.999999999971,21149.999999999956,8099.9999999999982
19799.999999999935,21149.999999999953,4649.9999999999991
19799.999999999935,21149.999999999953,4649.9999999999991
19649.999999999971,21149.999999999956,8099.9999999999982
19650.0,22649.999999999953,4649.9999999999982
19650.0,22649.999999999953,4649.9999999999982
19649.999999999971,21149.999999999956,8099.9999999999982
19799.99999999992,22649.99999999996,8099.9999999999964
19799.99999999992,22649.99999999996,8099.9999999999964
19649.999999999971,24149.99999999996,8099.9999999999991
19650.0,22649.999999999953,4649.9999999999982
19650.0,22649.999999999953,4649.9999999999982
19649.999999999971,24149.99999999996,8099.9999999999991
19499.999999999985,24149.999999999953,4649.9999999999991
19499.999999999985,24149.999999999953,4649.9999999999991
19649.999999999971,24149.99999999996,8099.9999999999991
19649.999999999993,25649.999999999953,4649.9999999999991
19649.999999999993,25649.999999999953,4649.9999999999991
19649.999999999971,24149.99999999996,8099.9999999999991
19499.999999999971,25649.99999999996,8099.9999999999982
19499.999999999971,25649.99999999996,8099.9999999999982
19649.999999999956,27149.99999999996,8099.9999999999991
19649.999999999993,25649.999999999953,4649.9999999999991
19649.999999999993,25649.999999999953,4649.9999999999991
19649.999999999956,27149.99999999996,8099.9999999999991
19799.999999999927,27149.999999999953,4649.9999999999991
19799.999999999927,27149.999999999953,4649.9999999999991
19649.999999999956,27149.99999999996,8099.9999999999991
19649.999999999993,28649.999999999938,4650.0
19649.999999999993,28649.999999999938,4650.0
19649.999999999956,27149.99999999996,8099.9999999999991
19799.999999999898,28649.99999999996,8099.9999999999982
19649.999999999993,28649.999999999938,4650.0
19799.999999999898,28649.99999999996,8099.9999999999982
19649.999999999942,30149.999999999967,8099.9999999999982
19649.999999999993,28649.999999999938,4650.0
19649.999999999942,30149.999999999967,8099.9999999999982
19499.999999999985,30149.999999999953,4650.0000000000009
19499.999999999985,30149.999999999953,4650.0000000000009
19649.999999999942,30149.999999999967,8099.9999999999982
19649.999999999985,31649.999999999953,4649.9999999999991
19649.999999999942,30149.999999999967,8099.9999999999982
19499.999999999949,31649.999999999967,8099.9999999999973
19649.999999999985,31649.999999999953,4649.9999999999991
19499.999999999949,31649.999999999967,8099.9999999999973
19649.999999999942,33149.999999999956,8099.9999999999991
19649.999999999985,31649.999999999953,4649.9999999999991
19649.999999999985,31649.999999999953,4649.9999999999991
19649.999999999942,33149.999999999956,8099.9999999999991
19799.999999999935,33149.999999999956,4650.0
19799.999999999935,33149.999999999956,4650.0
19649.999999999942,33149.999999999956,8099.9999999999991
19649.999999999993,34649.999999999956,4649.9999999999991
19649.999999999993,34649.999999999956,4649.9999999999991
19649.999999999942,33149.999999999956,8099.9999999999991
19799.999999999898,34649.999999999956,8099.9999999999973
19649.999999999993,34649.999999999956,4649.9999999999991
19799.999999999898,34649.999999999956,8099.9999999999973
19649.999999999942,36149.999999999971,8099.9999999999973
19649.999999999993,34649.999999999956,4649.9999999999991
19649.999999999942,36149.999999999971,8099.9999999999973
19499.999999999985,36149.999999999956,4649.9999999999991
19499.999999999985,36149.999999999956,4649.9999999999991
19649.999999999942,36149.999999999971,8099.9999999999973
19649.999999999942,37649.999999999985,4649.9999999999973
19649.999999999942,36149.999999999971,8099.9999999999973
19499.999999999935,37499.999999999927,8099.9999999999991
19649.999999999942,37649.999999999985,4649.9999999999973
19649.999999999942,37649.999999999985,4649.9999999999973
19499.999999999935,37499.999999999927,8099.9999999999991
18150.0,37649.999999999985,8099.9999999999982
19649.999999999942,37649.999999999985,4649.9999999999973
18150.0,37649.999999999985,8099.9999999999982
18150.0,37500.000000000015,4649.9999999999973
18150.0,37500.000000000015,4649.9999999999973
18150.0,37649.999999999985,8099.9999999999982
16649.999999999993,37649.999999999971,4649.9999999999991
18150.0,37649.999999999985,8099.9999999999982
16650.0,37799.999999999942,8099.9999999999973
16649.999999999993,37649.999999999971,4649.9999999999991
16650.0,37799.999999999942,8099.9999999999973
15150.000000000015,37649.999999999971,8099.9999999999991
16649.999999999993,37649.999999999971,4649.9999999999991
16649.999999999993,37649.999999999971,4649.9999999999991
15150.000000000015,37649.999999999971,8099.9999999999991
15150.000000000015,37800.000000000015,4650.0
15150.000000000015,37800.000000000015,4650.0
15150.000000000015,37649.999999999971,8099.9999999999991
13650.0,37649.999999999985,4649.9999999999991
15150.000000000015,37649.999999999971,8099.9999999999991
13650.0,37499.999999999956,8099.9999999999991
13650.0,37649.999999999985,4649.9999999999991
13650.0,37649.999999999985,4649.9999999999991
13650.0,37499.999999999956,8099.9999999999991
12150.000000000029,37649.999999999956,8099.9999999999991
13650.0,37649.999999999985,4649.9999999999991
12150.000000000029,37649.999999999956,8099.9999999999991
12150.000000000029,37500.0,4650.0000000000018
12150.000000000029,37500.0,4650.0000000000018
12150.000000000029,37649.999999999956,8099.9999999999991
10650.000000000015,37649.999999999985,4650.0000000000009
10650.000000000015,37649.999999999985,4650.0000000000009
12150.000000000029,37649.999999999956,8099.9999999999991
10650.000000000015,37799.999999999942,8100.0
10650.000000000015,37649.999999999985,4650.0000000000009
10650.000000000015,37799.999999999942,8100.0
9150.0,37649.999999999971,8099.9999999999982
10650.000000000015,37649.999999999985,4650.0000000000009
9150.0,37649.999999999971,8099.9999999999982
9150.0,37800.000000000015,4649.9999999999973
9150.0,37800.000000000015,4649.9999999999973
9150.0,37649.999999999971,8099.9999999999982
7650.0,37650.0,4649.9999999999982
9150.0,37649.999999999971,8099.9999999999982
7650.0000000000146,37499.999999999956,8100.0
7650.0,37650.0,4649.9999999999982
7650.0000000000146,37499.999999999956,8100.0
6150.0000000000073,37649.999999999971,8100.0
7650.0,37650.0,4649.9999999999982
7650.0,37650.0,4649.9999999999982
6150.0000000000073,37649.999999999971,8100.0
6150.0,37500.0,4649.9999999999991
6150.0,37500.0,4649.9999999999991
6150.0000000000073,37649.999999999971,8100.0
4650.0,37649.999999999985,4649.9999999999991
4650.0,37649.999999999985,4649.9999999999991
6150.0000000000073,37649.999999999971,8100.0
4650.0000000000073,37799.999999999971,8099.9999999999973
4650.0,37649.999999999985,4649.9999999999991
4650.0000000000073,37799.999999999971,8099.9999999999973
3150.0000000000036,37649.999999999971,8099.9999999999982
4650.0,37649.999999999985,4649.9999999999991
3150.0000000000036,37649.999999999971,8099.9999999999982
3150.0,37799.999999999985,4649.9999999999991
3150.0,37799.999999999985,4649.9999999999991
3150.0000000000036,37649.999999999971,8099.9999999999982
1650.0000000000073,37650.000000000029,4649.9999999999973
3150.0000000000036,37649.999999999971,8099.9999999999982
1650.0,37499.999999999985,8099.9999999999991
1650.0000000000073,37650.000000000029,4649.9999999999973
1650.0000000000073,37650.000000000029,4649.9999999999973
1650.0,37499.999999999985,8099.9999999999991
149.99999999994907,37649.999999999971,8100.0
1650.0000000000073,37650.000000000029,4649.9999999999973
149.99999999994907,37649.999999999971,8100.0
299.99999999995634,37499.999999999985,4649.9999999999991
149.99999999994907,37649.999999999971,8099.9999999999991
-4.3655745685100555e-11,37799.999999999985,11550.0
149.99999999996726,36150.000000000015,11550.0
149.99999999994907,37649.999999999971,8099.9999999999991
149.99999999996726,36150.000000000015,11550.0
299.99999999995634,36150.000000000015,8099.9999999999991
299.99999999995634,36150.000000000015,8099.9999999999991
149.99999999996726,36150.000000000015,11550.0
149.99999999995634,34650.0,8099.9999999999991
149.99999999996726,36150.000000000015,11550.0
299.99999999996726,34650.0,11550.0
149.99999999995634,34650.0,8099.9999999999991
149.99999999995634,34650.0,8099.9999999999991
299.99999999996726,34650.0,11550.0
149.99999999996726,33150.0,11550.0
149.99999999995634,34650.0,8099.9999999999991
149.99999999996726,33150.0,11550.0
-4.3655745685100555e-11,33150.000000000015,8099.9999999999973
-4.3655745685100555e-11,33150.000000000015,8099.9999999999973
149.99999999996726,33150.0,11550.0
149.9999999999709,31650.000000000011,8099.9999999999982
149.9999999999709,31650.000000000011,8099.9999999999982
149.99999999996726,33150.0,11550.0
-2.1827872842550278e-11,31650.000000000004,11550.0
149.9999999999709,31650.000000000011,8099.9999999999982
-2.1827872842550278e-11,31650.000000000004,11550.0
149.9999999999709,30149.999999999996,11550.0
149.9999999999709,31650.000000000011,8099.9999999999982
149.9999999999709,30149.999999999996,11550.0
299.99999999996362,30150.000000000011,8099.9999999999982
299.99999999996362,30150.000000000011,8099.9999999999982
149.9999999999709,30149.999999999996,11550.0
149.99999999996362,28650.000000000004,8099.9999999999991
149.9999999999709,30149.999999999996,11550.0
299.99999999997453,28650.000000000004,11550.0
149.99999999996362,28650.000000000004,8099.9999999999991
299.99999999997453,28650.000000000004,11550.0
149.99999999997817,27149.999999999996,11550.0
149.99999999996362,28650.000000000004,8099.9999999999991
149.99999999996362,28650.000000000004,8099.9999999999991
149.99999999997817,27149.999999999996,11550.0
-2.9103830456733704e-11,27149.999999999996,8099.9999999999991
-2.9103830456733704e-11,27149.999999999996,8099.9999999999991
149.99999999997817,27149.999999999996,11550.0
149.99999999996726,25650.000000000004,8099.9999999999973
149.99999999997817,27149.999999999996,11550.0
-2.5465851649641991e-11,25649.999999999989,11550.0
149.99999999996726,25650.000000000004,8099.9999999999973
149.99999999996726,25650.000000000004,8099.9999999999973
-2.5465851649641991e-11,25649.999999999989,11550.0
149.99999999997817,24149.999999999996,11550.0
149.99999999996726,25650.000000000004,8099.9999999999973
149.99999999997817,24149.999999999996,11550.0
299.99999999997817,24149.999999999996,8099.9999999999982
299.99999999997817,24149.999999999996,8099.9999999999982
149.99999999997817,24149.999999999996,11550.0
149.99999999996726,22650.000000000004,8099.9999999999991
149.99999999997817,24149.999999999996,11550.0
299.99999999997453,22650.000000000004,11550.0
149.99999999996726,22650.000000000004,8099.9999999999991
149.99999999996726,22650.000000000004,8099.9999999999991
299.99999999997453,22650.000000000004,11550.0
149.99999999998545,21149.999999999993,11550.0
149.99999999996726,22650.000000000004,8099.9999999999991
149.99999999998545,21149.999999999993,11550.0
-2.5465851649641991e-11,21149.999999999996,8100.0
-2.5465851649641991e-11,21149.999999999996,8100.0
149.99999999998545,21149.999999999993,11550.0
149.99999999997817,19649.999999999993,8099.9999999999991
149.99999999998545,21149.999999999993,11550.0
-1.4551915228366852e-11,19649.999999999985,11550.0
149.99999999997817,19649.999999999993,8099.9999999999991
149.99999999997817,19649.999999999993,8099.9999999999991
-1.4551915228366852e-11,19649.999999999985,11550.0
149.99999999999272,18149.999999999989,11549.999999999998
149.99999999997817,19649.999999999993,8099.9999999999991
149.99999999999272,18149.999999999989,11549.999999999998
299.99999999998181,18149.999999999996,8099.9999999999973
299.99999999998181,18149.999999999996,8099.9999999999973
149.99999999999272,18149.999999999989,11549.999999999998
149.99999999999272,16649.999999999996,8099.9999999999982
149.99999999999272,18149.999999999989,11549.999999999998
300.0,16649.999999999989,11550.0
149.99999999999272,16649.999999999996,8099.9999999999982
149.99999999999272,16649.999999999996,8099.9999999999982
300.0,16649.999999999989,11550.0
150.0,15149.999999999989,11550.0
149.99999999999272,16649.999999999996,8099.9999999999982
150.0,15149.999999999989,11550.0
-7.2759576141834259e-12,15149.999999999996,8100.0
-7.2759576141834259e-12,15149.999999999996,8100.0
150.0,15149.999999999989,11550.0
149.99999999998909,13649.999999999996,8099.9999999999991
150.0,15149.999999999989,11550.0
0.0,13649.999999999989,11550.0
149.99999999998909,13649.999999999996,8099.9999999999991
149.99999999998909,13649.999999999996,8099.9999999999991
0.0,13649.999999999989,11550.0
150.00000000000728,12149.999999999982,11550.0
149.99999999998909,13649.999999999996,8099.9999999999991
150.00000000000728,12149.999999999982,11550.0
299.99999999999636,12149.999999999996,8100.0
299.99999999999636,12149.999999999996,8100.0
150.00000000000728,12149.999999999982,11550.0
149.99999999999272,10649.999999999996,8099.9999999999991
150.00000000000728,12149.999999999982,11550.0
299.59799579782339,10649.999999999982,11550.0
149.99999999999272,10649.999999999996,8099.9999999999991
299.59799579782339,10649.999999999982,11550.0
150.00000000000364,9149.9999999999818,11550.0
149.99999999999272,10649.999999999996,8099.9999999999991
149.99999999999272,10649.999999999996,8099.9999999999991
150.00000000000364,9149.9999999999818,11550.0
-7.2759576141834259e-12,9149.9999999999891,8100.0
-7.2759576141834259e-12,9149.9999999999891,8100.0
150.00000000000364,9149.9999999999818,11550.0
150.00000000001091,7649.9999999999891,8099.9999999999991
150.00000000001091,7649.9999999999891,8099.9999999999991
150.00000000000364,9149.9999999999818,11550.0
1.8189894035458565e-11,7649.9999999999818,11549.999999999998
1.8189894035458565e-11,7649.9999999999818,11549.999999999998
150.00000000001819,6149.9999999999818,11550.0
150.00000000001091,7649.9999999999891,8099.9999999999991
150.00000000001091,7649.9999999999891,8099.9999999999991
150.00000000001819,6149.9999999999818,11550.0
300.00000000001091,6149.9999999999891,8100.0000000000009
300.00000000001091,6149.9999999999891,8100.0000000000009
150.00000000001819,6149.9999999999818,11550.0
150.00000000000728,4649.9999999999891,8099.9999999999991
150.00000000001819,6149.9999999999818,11550.0
300.00000000001455,4649.99999999998,11550.0
150.00000000000728,4649.9999999999891,8099.9999999999991
300.00000000001455,4649.99999999998,11550.0
150.00000000001819,3149.9999999999782,11550.0
150.00000000000728,4649.9999999999891,8099.9999999999991
150.00000000000728,4649.9999999999891,8099.9999999999991
150.00000000001819,3149.9999999999782,11550.0
1.4551915228366852e-11,3149.9999999999891,8099.9999999999982
1.4551915228366852e-11,3149.9999999999891,8099.9999999999982
150.00000000001819,3149.9999999999782,11550.0
150.00000000001819,1649.9999999999854,8099.9999999999991
150.00000000001819,3149.9999999999782,11550.0
1.8189894035458565e-11,1649.9999999999782,11550.0
150.00000000001819,1649.9999999999854,8099.9999999999991
150.00000000001819,1649.9999999999854,8099.9999999999991
1.8189894035458565e-11,1649.9999999999782,11550.0
150.00000000002547,149.99999999995271,11550.0
150.00000000001819,1649.9999999999854,8099.9999999999991
150.00000000002547,149.99999999995271,11550.0
300.00000000002547,299.99999999999636,8099.9999999999991
300.00000000002547,299.99999999999636,8099.9999999999991
150.00000000002547,149.99999999995271,11550.0
1649.9999999999818,149.99999999995816,8099.9999999999982
1649.9999999999818,149.99999999995816,8099.9999999999982
150.00000000002547,149.99999999995271,11550.0
1649.9999999999673,-2.9103830456733704e-11,11550.0
1649.9999999999818,149.99999999995816,8099.9999999999982
1649.9999999999673,-2.9103830456733704e-11,11550.0
3149.9999999999709,149.99999999995089,11550.0
1649.9999999999818,149.99999999995816,8099.9999999999982
3149.9999999999709,149.99999999995089,11550.0
3149.9999999999818,-1.8189894035458565e-11,8099.9999999999964
3149.9999999999818,-1.8189894035458565e-11,8099.9999999999964
3149.9999999999709,149.99999999995089,11550.0
4649.9999999999891,149.99999999996726,8099.9999999999973
3149.9999999999709,149.99999999995089,11550.0
4649.99999999996,299.99999999998363,11550.0
4649.9999999999891,149.99999999996726,8099.9999999999973
19499.999999999985,7649.9999999999491,8099.9999999999936
19649.999999999985,7649.99999999996,11549.999999999996
19649.999999999985,9149.9999999999454,8099.9999999999973
19649.999999999985,7649.99999999996,11549.999999999996
19499.999999999978,9149.99999999996,11550.0
19649.999999999985,9149.9999999999454,8099.9999999999973
19649.999999999985,9149.9999999999454,8099.9999999999973
19499.999999999978,9149.99999999996,11550.0
19649.999999999993,10649.999999999953,11550.0
19649.999999999985,9149.9999999999454,8099.9999999999973
19649.999999999993,10649.999999999953,11550.0
19799.999999999949,10649.999999999942,8099.9999999999982
19799.999999999949,10649.999999999942,8099.9999999999982
19649.999999999993,10649.999999999953,11550.0
19650.0,12149.999999999953,8099.9999999999973
19649.999999999993,10649.999999999953,11550.0
19799.999999999942,12149.99999999996,11549.999999999998
19650.0,12149.999999999953,8099.9999999999973
19650.0,12149.999999999953,8099.9999999999973
19799.999999999942,12149.99999999996,11549.999999999998
19649.999999999993,13649.99999999996,11550.0
19650.0,12149.999999999953,8099.9999999999973
19649.999999999993,13649.99999999996,11550.0
19499.999999999993,13649.999999999953,8099.9999999999991
19499.999999999993,13649.999999999953,8099.9999999999991
19649.999999999993,13649.99999999996,11550.0
19649.999999999978,15149.999999999953,8099.9999999999991
19649.999999999993,13649.99999999996,11550.0
19499.999999999971,15149.999999999967,11550.0
19649.999999999978,15149.999999999953,8099.9999999999991
19649.999999999978,15149.999999999953,8099.9999999999991
19499.999999999971,15149.999999999967,11550.0
19649.999999999971,16649.99999999996,11550.0
19649.999999999978,15149.999999999953,8099.9999999999991
19649.999999999971,16649.99999999996,11550.0
19799.99999999992,16649.999999999949,8099.9999999999973
19799.99999999992,16649.999999999949,8099.9999999999973
19649.999999999971,16649.99999999996,11550.0
19649.999999999985,18149.999999999953,8099.9999999999982
19649.999999999985,18149.999999999953,8099.9999999999982
19649.999999999971,16649.99999999996,11550.0
19799.999999999935,18149.999999999956,11549.999999999996
19799.999999999935,18149.999999999956,11549.999999999996
19649.999999999971,19649.999999999964,11550.0
19649.999999999985,18149.999999999953,8099.9999999999982
19649.999999999985,18149.999999999953,8099.9999999999982
19649.999999999971,19649.999999999964,11550.0
19499.999999999971,19649.999999999945,8100.0000000000009
19499.999999999971,19649.999999999945,8100.0000000000009
19649.999999999971,19649.999999999964,11550.0
19649.999999999971,21149.99999999996,8099.9999999999991
19649.999999999971,19649.999999999964,11550.0
19499.999999999971,21149.999999999967,11550.000000000002
19649.999999999971,21149.99999999996,8099.9999999999991
19649.999999999971,21149.99999999996,8099.9999999999991
19499.999999999971,21149.999999999967,11550.000000000002
19649.999999999971,22649.999999999967,11550.0
19649.999999999971,21149.99999999996,8099.9999999999991
19649.999999999971,22649.999999999967,11550.0
19799.999999999913,22649.99999999996,8099.9999999999991
19799.999999999913,22649.99999999996,8099.9999999999991
19649.999999999971,22649.999999999967,11550.0
19649.999999999956,24149.99999999996,8099.9999999999982
19649.999999999956,24149.99999999996,8099.9999999999982
19649.999999999971,22649.999999999967,11550.0
19799.999999999898,24149.999999999967,11549.999999999998
19799.999999999898,24149.999999999967,11549.999999999998
19649.999999999956,25649.999999999975,11550.0
19649.999999999956,24149.99999999996,8099.9999999999982
19649.999999999956,24149.99999999996,8099.9999999999982
19649.999999999956,25649.999999999975,11550.0
19499.999999999964,25649.999999999967,8100.0
19499.999999999964,25649.999999999967,8100.0
19649.999999999956,25649.999999999975,11550.0
19649.999999999956,27149.999999999967,8099.9999999999945
19649.999999999956,25649.999999999975,11550.0
19499.999999999949,27149.999999999967,11549.999999999998
19649.999999999956,27149.999999999967,8099.9999999999945
19649.999999999956,27149.999999999967,8099.9999999999945
19499.999999999949,27149.999999999967,11549.999999999998
19649.999999999964,28649.999999999967,11549.999999999998
19649.999999999956,27149.999999999967,8099.9999999999945
19649.999999999964,28649.999999999967,11549.999999999998
19799.999999999913,28649.999999999953,8099.9999999999955
19799.999999999913,28649.999999999953,8099.9999999999955
19649.999999999964,28649.999999999967,11549.999999999998
19649.999999999964,30149.99999999996,8099.9999999999964
19649.999999999964,28649.999999999967,11549.999999999998
19799.999999999913,30149.99999999996,11549.999999999996
19649.999999999964,30149.99999999996,8099.9999999999964
19799.999999999913,30149.99999999996,11549.999999999996
19649.999999999956,31649.999999999975,11550.0
19649.999999999964,30149.99999999996,8099.9999999999964
19649.999999999964,30149.99999999996,8099.9999999999964
19649.999999999956,31649.999999999975,11550.0
19499.999999999964,31649.999999999967,8099.9999999999973
19499.999999999964,31649.999999999967,8099.9999999999973
19649.999999999956,31649.999999999975,11550.0
19649.999999999942,33149.999999999956,8099.9999999999991
19649.999999999942,33149.999999999956,8099.9999999999991
19649.999999999956,31649.999999999975,11550.0
19499.999999999942,33149.999999999971,11550.000000000002
19649.999999999942,33149.999999999956,8099.9999999999991
19499.999999999942,33149.999999999971,11550.000000000002
19649.999999999942,34649.999999999956,11550.0
19649.999999999942,33149.999999999956,8099.9999999999991
19649.999999999942,34649.999999999956,11550.0
19799.999999999898,34649.999999999956,8099.9999999999973
19799.999999999898,34649.999999999956,8099.9999999999973
19649.999999999942,34649.999999999956,11550.0
19649.999999999927,36149.999999999956,8099.9999999999964
19649.999999999927,36149.999999999956,8099.9999999999964
19649.999999999942,34649.999999999956,11550.0
19799.999999999876,36149.999999999956,11549.999999999998
19649.999999999927,36149.999999999956,8099.9999999999964
19799.999999999876,36149.999999999956,11549.999999999998
19649.999999999927,37649.999999999971,11549.999999999998
19649.999999999927,36149.999999999956,8099.9999999999964
19649.999999999927,37649.999999999971,11549.999999999998
19499.999999999927,37499.999999999927,8099.9999999999991
19499.999999999927,37499.999999999927,8099.9999999999991
19649.999999999927,37649.999999999971,11549.999999999998
18150.0,37649.999999999971,8099.9999999999991
19649.999999999927,37649.999999999971,11549.999999999998
18150.0,37799.999999999942,11550.0
18150.0,37649.999999999971,8099.9999999999991
18150.0,37649.999999999971,8099.9999999999991
18150.0,37799.999999999942,11550.0
16650.0,37649.999999999971,11550.0
18150.0,37649.999999999971,8099.9999999999991
16650.0,37649.999999999971,11550.0
16650.0,37799.999999999927,8099.9999999999982
16650.0,37799.999999999927,8099.9999999999982
16650.0,37649.999999999971,11550.0
15150.000000000007,37649.999999999971,8100.0
16650.0,37649.999999999971,11550.0
15150.000000000015,37499.999999999942,11550.0
15150.000000000007,37649.999999999971,8100.0
15150.000000000007,37649.999999999971,8100.0
15150.000000000015,37499.999999999942,11550.0
13650.000000000015,37649.999999999971,11550.0
15150.000000000007,37649.999999999971,8100.0
13650.000000000015,37649.999999999971,11550.0
13650.000000000007,37499.999999999942,8099.9999999999991
13650.000000000007,37499.999999999942,8099.9999999999991
13650.000000000015,37649.999999999971,11550.0
12150.000000000029,37649.999999999971,8100.0
13650.000000000015,37649.999999999971,11550.0
12150.000000000029,37799.999999999956,11550.0
12150.000000000029,37649.999999999971,8100.0
12150.000000000029,37649.999999999971,8100.0
12150.000000000029,37799.999999999956,11550.0
10650.000000000007,37649.999999999971,11550.000000000002
12150.000000000029,37649.999999999971,8100.0
10650.000000000007,37649.999999999971,11550.000000000002
10650.000000000015,37799.999999999942,8099.9999999999982
10650.000000000015,37799.999999999942,8099.9999999999982
10650.000000000007,37649.999999999971,11550.000000000002
9150.0000000000146,37649.999999999971,8099.9999999999991
10650.000000000007,37649.999999999971,11550.000000000002
9150.0000000000146,37499.999999999971,11550.0
9150.0000000000146,37649.999999999971,8099.9999999999991
9150.0000000000146,37499.999999999971,11550.0
7650.0,37649.999999999985,11550.0
9150.0000000000146,37649.999999999971,8099.9999999999991
9150.0000000000146,37649.999999999971,8099.9999999999991
7650.0,37649.999999999985,11550.0
7650.0000000000146,37499.999999999971,8100.0000000000009
7650.0000000000146,37499.999999999971,8100.0000000000009
7650.0,37649.999999999985,11550.0
6150.0000000000073,37649.999999999985,8099.9999999999982
7650.0,37649.999999999985,11550.0
6150.0,37799.999999999985,11550.0
6150.0000000000073,37649.999999999985,8099.9999999999982
6150.0000000000073,37649.999999999985,8099.9999999999982
6150.0,37799.999999999985,11550.0
4650.0,37649.999999999971,11550.0
6150.0000000000073,37649.999999999985,8099.9999999999982
4650.0,37649.999999999971,11550.0
4650.0000000000073,37799.999999999971,8099.9999999999991
4650.0000000000073,37799.999999999971,8099.9999999999991
4650.0,37649.999999999971,11550.0
3150.0000000000036,37649.999999999971,8099.9999999999991
4650.0,37649.999999999971,11550.0
3150.0000000000036,37499.999999999985,11550.0
3150.0000000000036,37649.999999999971,8099.9999999999991
3150.0000000000036,37649.999999999971,8099.9999999999991
3150.0000000000036,37499.999999999985,11550.0
1650.0000000000036,37649.999999999971,11550.0
3150.0000000000036,37649.999999999971,8099.9999999999991
1650.0000000000036,37649.999999999971,11550.0
1650.0,37499.999999999985,8099.9999999999973
1650.0,37499.999999999985,8099.9999999999973
1650.0000000000036,37649.999999999971,11550.0
149.99999999994907,37649.999999999971,8099.9999999999991
1650.0000000000036,37649.999999999971,11550.0
-4.3655745685100555e-11,37799.999999999985,11550.0
149.99999999994907,37649.999999999971,8099.9999999999991
-4.3655745685100555e-11,37799.999999999985,11550.0
149.99999999996362,37649.999999999956,15000.0
149.99999999996726,36150.0,11550.0
149.99999999996362,37649.999999999956,15000.0
-3.637978807091713e-11,36150.0,15000.000000000002
149.99999999996726,36150.0,11550.0
149.99999999996726,36150.0,11550.0
-3.637978807091713e-11,36150.0,15000.000000000002
149.99999999996362,34650.0,14999.999999999998
149.99999999996726,36150.0,11550.0
149.99999999996362,34650.0,14999.999999999998
299.99999999996726,34650.0,11549.999999999998
299.99999999996726,34650.0,11549.999999999998
149.99999999996362,34650.0,14999.999999999998
149.99999999995998,33149.999999999985,11550.000000000002
149.99999999996362,34650.0,14999.999999999998
299.99999999995998,33150.0,15000.0
149.99999999995998,33149.999999999985,11550.000000000002
149.99999999995998,33149.999999999985,11550.000000000002
299.99999999995998,33150.0,15000.0
149.9999999999709,31649.999999999982,15000.0
149.99999999995998,33149.999999999985,11550.000000000002
149.9999999999709,31649.999999999982,15000.0
-2.9103830456733704e-11,31649.999999999996,11549.999999999998
-2.9103830456733704e-11,31649.999999999996,11549.999999999998
149.9999999999709,31649.999999999982,15000.0
149.9999999999709,30149.999999999996,11550.0
149.9999999999709,31649.999999999982,15000.0
-2.9103830456733704e-11,30149.999999999996,15000.0
149.9999999999709,30149.999999999996,11550.0
149.9999999999709,30149.999999999996,11550.0
-2.9103830456733704e-11,30149.999999999996,15000.0
149.9999999999709,28649.999999999989,15000.0
149.9999999999709,30149.999999999996,11550.0
149.9999999999709,28649.999999999989,15000.0
299.9999999999709,28649.999999999996,11549.999999999998
299.9999999999709,28649.999999999996,11549.999999999998
149.9999999999709,28649.999999999989,15000.0
149.99999999997817,27149.999999999996,11550.0
149.99999999997817,27149.999999999996,11550.0
149.9999999999709,28649.999999999989,15000.0
299.99999999998181,27149.999999999996,15000.000000000002
149.99999999997817,27149.999999999996,11550.0
299.99999999998181,27149.999999999996,15000.000000000002
149.99999999998909,25649.999999999996,14999.999999999998
149.99999999997817,27149.999999999996,11550.0
149.99999999998909,25649.999999999996,14999.999999999998
-1.4551915228366852e-11,25649.999999999996,11549.999999999998
-1.4551915228366852e-11,25649.999999999996,11549.999999999998
149.99999999998909,25649.999999999996,14999.999999999998
149.99999999998545,24149.999999999989,11550.0
149.99999999998909,25649.999999999996,14999.999999999998
-7.2759576141834259e-12,24149.999999999996,15000.000000000002
149.99999999998545,24149.999999999989,11550.0
-7.2759576141834259e-12,24149.999999999996,15000.000000000002
149.99999999997817,22649.999999999989,14999.999999999998
149.99999999998545,24149.999999999989,11550.0
149.99999999998545,24149.999999999989,11550.0
149.99999999997817,22649.999999999989,14999.999999999998
299.99999999997817,22649.999999999996,11549.999999999996
299.99999999997817,22649.999999999996,11549.999999999996
149.99999999997817,22649.999999999989,14999.999999999998
149.99999999999272,21149.999999999993,11549.999999999998
149.99999999997817,22649.999999999989,14999.999999999998
299.99999999998909,21149.999999999989,15000.0
149.99999999999272,21149.999999999993,11549.999999999998
149.99999999999272,21149.999999999993,11549.999999999998
299.99999999998909,21149.999999999989,15000.0
150.0,19649.999999999985,14999.999999999998
149.99999999999272,21149.999999999993,11549.999999999998
150.0,19649.999999999985,14999.999999999998
-3.637978807091713e-12,19649.999999999989,11550.000000000002
-3.637978807091713e-12,19649.999999999989,11550.000000000002
150.0,19649.999999999985,14999.999999999998
149.99999999999272,18149.999999999989,11550.000000000002
150.0,19649.999999999985,14999.999999999998
-3.637978807091713e-12,18149.999999999993,15000.000000000002
149.99999999999272,18149.999999999989,11550.000000000002
149.99999999999272,18149.999999999989,11550.000000000002
-3.637978807091713e-12,18149.999999999993,15000.000000000002
149.99999999999636,16649.999999999982,15000.0
149.99999999999272,18149.999999999989,11550.000000000002
149.99999999999636,16649.999999999982,15000.0
300.0,16649.999999999996,11550.000000000004
300.0,16649.999999999996,11550.000000000004
149.99999999999636,16649.999999999982,15000.0
150.00000000000364,15149.999999999989,11550.000000000002
149.99999999999636,16649.999999999982,15000.0
300.0,15149.999999999985,15000.0
150.00000000000364,15149.999999999989,11550.000000000002
150.00000000000364,15149.999999999989,11550.000000000002
300.0,15149.999999999985,15000.0
150.0,13649.999999999982,15000.0
150.00000000000364,15149.999999999989,11550.000000000002
150.0,13649.999999999982,15000.0
0.0,13649.999999999989,11550.0
0.0,13649.999999999989,11550.0
150.0,13649.999999999982,15000.0
150.00000000000364,12149.999999999982,11550.0
150.0,13649.999999999982,15000.0
0.0,12149.999999999989,15000.0
150.00000000000364,12149.999999999982,11550.0
150.00000000000364,12149.999999999982,11550.0
0.0,12149.999999999989,15000.0
150.0,10649.999999999978,14999.999999999998
150.00000000000364,12149.999999999982,11550.0
150.0,10649.999999999978,14999.999999999998
299.59799579781975,10649.999999999982,11550.0
299.59799579781975,10649.999999999982,11550.0
150.0,10649.999999999978,14999.999999999998
150.00000000000364,9149.9999999999818,11550.0
150.0,10649.999999999978,14999.999999999998
300.00000000000364,9149.9999999999818,15000.0
150.00000000000364,9149.9999999999818,11550.0
150.00000000000364,9149.9999999999818,11550.0
300.00000000000364,9149.9999999999818,15000.0
150.00000000002183,7649.9999999999745,15000.0
150.00000000000364,9149.9999999999818,11550.0
150.00000000002183,7649.9999999999745,15000.0
2.1827872842550278e-11,7649.9999999999854,11550.0
2.1827872842550278e-11,7649.9999999999854,11550.0
150.00000000002183,7649.9999999999745,15000.0
150.00000000001819,6149.9999999999818,11550.0
150.00000000001819,6149.9999999999818,11550.0
150.00000000002183,7649.9999999999745,15000.0
2.1827872842550278e-11,6149.9999999999782,15000.0
150.00000000001819,6149.9999999999818,11550.0
2.1827872842550278e-11,6149.9999999999782,15000.0
150.00000000001819,4649.9999999999782,15000.0
150.00000000001819,6149.9999999999818,11550.0
150.00000000001819,4649.9999999999782,15000.0
300.00000000001819,4649.9999999999818,11550.0
300.00000000001819,4649.9999999999818,11550.0
150.00000000001819,4649.9999999999782,15000.0
150.00000000002547,3149.9999999999818,11550.0
150.00000000002547,3149.9999999999818,11550.0
150.00000000001819,4649.9999999999782,15000.0
300.00000000002183,3149.9999999999764,15000.0
150.00000000002547,3149.9999999999818,11550.0
300.00000000002183,3149.9999999999764,15000.0
150.0000000000291,1649.9999999999745,15000.0
150.00000000002547,3149.9999999999818,11550.0
150.0000000000291,1649.9999999999745,15000.0
2.5465851649641991e-11,1649.9999999999782,11550.0
2.5465851649641991e-11,1649.9999999999782,11550.0
150.0000000000291,1649.9999999999745,15000.0
150.0000000000291,149.99999999994907,11550.0
150.0000000000291,149.99999999994907,11550.0
150.0000000000291,1649.9999999999745,15000.0
2.9103830456733704e-11,-3.2741809263825417e-11,14999.999999999996
2.9103830456733704e-11,-3.2741809263825417e-11,14999.999999999996
1649.9999999999491,149.99999999994543,14999.999999999998
150.0000000000291,149.99999999994907,11550.0
150.0000000000291,149.99999999994907,11550.0
1649.9999999999491,149.99999999994543,14999.999999999998
1649.9999999999636,-2.9103830456733704e-11,11550.0
1649.9999999999636,-2.9103830456733704e-11,11550.0
1649.9999999999491,149.99999999994543,14999.999999999998
3149.9999999999673,149.99999999995271,11549.999999999996
1649.9999999999491,149.99999999994543,14999.999999999998
3149.9999999999345,299.99999999998545,14999.999999999996
3149.9999999999673,149.99999999995271,11549.999999999996
3149.9999999999345,299.99999999998545,14999.999999999996
4649.9999999999563,149.99999999995271,15000.0
3149.9999999999673,149.99999999995271,11549.999999999996
3149.9999999999673,149.99999999995271,11549.999999999996
4649.9999999999563,149.99999999995271,15000.0
4649.9999999999563,299.99999999998363,11550.0
19650.0,7649.99999999996,11550.0
19799.999999999964,7649.9999999999636,14999.999999999998
19650.000000000007,9149.99999999996,15000.0
19650.0,7649.99999999996,11550.0
19650.000000000007,9149.99999999996,15000.0
19499.999999999993,9149.99999999996,11550.0
19499.999999999993,9149.99999999996,11550.0
19650.000000000007,9149.99999999996,15000.0
19649.999999999985,10649.999999999956,11550.0
19650.000000000007,9149.99999999996,15000.0
19500.0,10649.999999999964,15000.000000000004
19649.999999999985,10649.999999999956,11550.0
19649.999999999985,10649.999999999956,11550.0
19500.0,10649.999999999964,15000.000000000004
19649.999999999985,12149.999999999964,15000.0
19649.999999999985,10649.999999999956,11550.0
19649.999999999985,12149.999999999964,15000.0
19799.999999999942,12149.99999999996,11549.999999999998
19799.999999999942,12149.99999999996,11549.999999999998
19649.999999999985,12149.999999999964,15000.0
19649.999999999985,13649.999999999964,11549.999999999998
19649.999999999985,13649.999999999964,11549.999999999998
19649.999999999985,12149.999999999964,15000.0
19799.999999999942,13649.999999999967,14999.999999999996
19799.999999999942,13649.999999999967,14999.999999999996
19649.999999999985,15149.999999999964,15000.0
19649.999999999985,13649.999999999964,11549.999999999998
19649.999999999985,13649.999999999964,11549.999999999998
19649.999999999985,15149.999999999964,15000.0
19499.999999999978,15149.99999999996,11550.0
19499.999999999978,15149.99999999996,11550.0
19649.999999999985,15149.999999999964,15000.0
19649.999999999971,16649.99999999996,11550.0
19649.999999999985,15149.999999999964,15000.0
19499.999999999985,16649.999999999964,15000.0
19649.999999999971,16649.99999999996,11550.0
19649.999999999971,16649.99999999996,11550.0
19499.999999999985,16649.999999999964,15000.0
19649.999999999993,18149.999999999964,15000.0
19649.999999999971,16649.99999999996,11550.0
19649.999999999993,18149.999999999964,15000.0
19799.999999999927,18149.99999999996,11549.999999999998
19799.999999999927,18149.99999999996,11549.999999999998
19649.999999999993,18149.999999999964,15000.0
19649.999999999971,19649.999999999967,11550.0
19649.999999999971,19649.999999999967,11550.0
19649.999999999993,18149.999999999964,15000.0
19799.999999999935,19649.999999999967,14999.999999999996
19799.999999999935,19649.999999999967,14999.999999999996
19649.999999999978,21149.999999999975,14999.999999999996
19649.999999999971,19649.999999999967,11550.0
19649.999999999971,19649.999999999967,11550.0
19649.999999999978,21149.999999999975,14999.999999999996
19499.999999999971,21149.999999999964,11549.999999999998
19499.999999999971,21149.999999999964,11549.999999999998
19649.999999999978,21149.999999999975,14999.999999999996
19649.999999999971,22649.999999999967,11549.999999999998
19649.999999999978,21149.999999999975,14999.999999999996
19499.999999999971,22649.999999999967,14999.999999999998
19649.999999999971,22649.999999999967,11549.999999999998
19499.999999999971,22649.999999999967,14999.999999999998
19649.999999999971,24149.999999999975,15000.0
19649.999999999971,22649.999999999967,11549.999999999998
19649.999999999971,22649.999999999967,11549.999999999998
19649.999999999971,24149.999999999975,15000.0
19799.999999999913,24149.999999999967,11550.0
19799.999999999913,24149.999999999967,11550.0
19649.999999999971,24149.999999999975,15000.0
19649.999999999964,25649.999999999967,11550.0
19649.999999999971,24149.999999999975,15000.0
19799.999999999927,25649.999999999967,15000.0
19649.999999999964,25649.999999999967,11550.0
19649.999999999964,25649.999999999967,11550.0
19799.999999999927,25649.999999999967,15000.0
19649.999999999971,27149.999999999982,15000.0
19649.999999999964,25649.999999999967,11550.0
19649.999999999971,27149.999999999982,15000.0
19499.999999999956,27149.999999999975,11550.000000000002
19499.999999999956,27149.999999999975,11550.000000000002
19649.999999999971,27149.999999999982,15000.0
19649.999999999956,28649.999999999967,11550.0
19649.999999999971,27149.999999999982,15000.0
19499.999999999956,28649.999999999967,15000.0
19649.999999999956,28649.999999999967,11550.0
19649.999999999956,28649.999999999967,11550.0
19499.999999999956,28649.999999999967,15000.0
19649.999999999964,30149.999999999982,14999.999999999998
19649.999999999956,28649.999999999967,11550.0
19649.999999999964,30149.999999999982,14999.999999999998
19799.999999999898,30149.999999999967,11549.999999999996
19799.999999999898,30149.999999999967,11549.999999999996
19649.999999999964,30149.999999999982,14999.999999999998
19649.999999999964,31649.999999999967,11549.999999999998
19649.999999999964,31649.999999999967,11549.999999999998
19649.999999999964,30149.999999999982,14999.999999999998
19799.99999999992,31649.999999999967,14999.999999999996
19799.99999999992,31649.999999999967,14999.999999999996
19649.999999999956,33149.999999999985,15000.0
19649.999999999964,31649.999999999967,11549.999999999998
19649.999999999964,31649.999999999967,11549.999999999998
19649.999999999956,33149.999999999985,15000.0
19499.999999999949,33149.999999999971,11550.0
19499.999999999949,33149.999999999971,11550.0
19649.999999999956,33149.999999999985,15000.0
19649.999999999942,34649.999999999971,11549.999999999996
19649.999999999942,34649.999999999971,11549.999999999996
19649.999999999956,33149.999999999985,15000.0
19499.999999999949,34649.999999999971,14999.999999999996
19649.999999999942,34649.999999999971,11549.999999999996
19499.999999999949,34649.999999999971,14999.999999999996
19649.999999999949,36149.999999999971,14999.999999999998
19649.999999999942,34649.999999999971,11549.999999999996
19649.999999999949,36149.999999999971,14999.999999999998
19799.999999999884,36149.999999999956,11549.999999999998
19799.999999999884,36149.999999999956,11549.999999999998
19649.999999999949,36149.999999999971,14999.999999999998
19649.999999999935,37649.999999999985,11550.0
19649.999999999949,36149.999999999971,14999.999999999998
19799.999999999898,37799.999999999927,14999.999999999998
19649.999999999935,37649.999999999985,11550.0
19649.999999999935,37649.999999999985,11550.0
19799.999999999898,37799.999999999927,14999.999999999998
18150.0,37649.999999999971,15000.0
19649.999999999935,37649.999999999985,11550.0
18150.0,37649.999999999971,15000.0
18150.000000000007,37799.999999999927,11550.0
18150.000000000007,37799.999999999927,11550.0
18150.0,37649.999999999971,15000.0
16650.0,37649.999999999971,11549.999999999998
16650.0,37649.999999999971,11549.999999999998
18150.0,37649.999999999971,15000.0
16650.0,37499.999999999942,15000.0
16650.0,37649.999999999971,11549.999999999998
16650.0,37499.999999999942,15000.0
15150.000000000015,37649.999999999971,15000.0
16650.0,37649.999999999971,11549.999999999998
15150.000000000015,37649.999999999971,15000.0
15150.000000000015,37499.999999999956,11549.999999999996
15150.000000000015,37499.999999999956,11549.999999999996
15150.000000000015,37649.999999999971,15000.0
13650.0,37649.999999999971,11549.999999999998
13650.0,37649.999999999971,11549.999999999998
15150.000000000015,37649.999999999971,15000.0
13650.0,37799.999999999942,14999.999999999998
13650.0,37799.999999999942,14999.999999999998
12150.0,37649.999999999956,15000.0
13650.0,37649.999999999971,11549.999999999998
13650.0,37649.999999999971,11549.999999999998
12150.0,37649.999999999956,15000.0
12150.000000000029,37799.999999999942,11550.0
12150.000000000029,37799.999999999942,11550.0
12150.0,37649.999999999956,15000.0
10650.000000000015,37649.999999999971,11550.000000000002
12150.0,37649.999999999956,15000.0
10650.000000000015,37499.999999999956,14999.999999999998
10650.000000000015,37649.999999999971,11550.000000000002
10650.000000000015,37649.999999999971,11550.000000000002
10650.000000000015,37499.999999999956,14999.999999999998
9150.0000000000146,37649.999999999956,15000.0
10650.000000000015,37649.999999999971,11550.000000000002
9150.0000000000146,37649.999999999956,15000.0
9150.0000000000146,37499.999999999956,11550.000000000004
9150.0000000000146,37499.999999999956,11550.000000000004
9150.0000000000146,37649.999999999956,15000.0
7650.0,37649.999999999971,11550.000000000002
9150.0000000000146,37649.999999999956,15000.0
7650.0000000000146,37799.999999999956,15000.0
7650.0,37649.999999999971,11550.000000000002
7650.0000000000146,37799.999999999956,15000.0
6150.0000000000073,37649.999999999971,15000.0
7650.0,37649.999999999971,11550.000000000002
7650.0,37649.999999999971,11550.000000000002
6150.0000000000073,37649.999999999971,15000.0
6150.0,37799.999999999985,11550.0
6150.0,37799.999999999985,11550.0
6150.0000000000073,37649.999999999971,15000.0
4650.0,37649.999999999971,11550.0
6150.0000000000073,37649.999999999971,15000.0
4650.0000000000036,37499.999999999971,15000.0
4650.0,37649.999999999971,11550.0
4650.0,37649.999999999971,11550.0
4650.0000000000036,37499.999999999971,15000.0
3150.0000000000146,37649.999999999971,15000.0
4650.0,37649.999999999971,11550.0
3150.0000000000146,37649.999999999971,15000.0
3150.0,37499.999999999985,11550.0
3150.0,37499.999999999985,11550.0
3150.0000000000146,37649.999999999971,15000.0
1650.0,37649.999999999971,11550.0
3150.0000000000146,37649.999999999971,15000.0
1650.0,37799.999999999985,14999.999999999998
1650.0,37649.999999999971,11550.0
1650.0,37649.999999999971,11550.0
1650.0,37799.999999999985,14999.999999999998
149.99999999996362,37649.999999999956,15000.0
1650.0,37649.999999999971,11550.0
149.99999999996362,37649.999999999956,15000.0
-4.3655745685100555e-11,37799.999999999985,11550.0
149.99999999996362,37649.999999999971,15000.0
299.9999999999709,37500.0,19199.999999999996
149.99999999997817,36150.0,19200.0
149.99999999996362,37649.999999999971,15000.0
149.99999999997817,36150.0,19200.0
-3.637978807091713e-11,36150.0,14999.999999999996
-3.637978807091713e-11,36150.0,14999.999999999996
149.99999999997817,36150.0,19200.0
149.99999999996726,34650.000000000015,14999.999999999996
149.99999999997817,36150.0,19200.0
-1.4551915228366852e-11,34650.0,19200.0
149.99999999996726,34650.000000000015,14999.999999999996
149.99999999996726,34650.000000000015,14999.999999999996
-1.4551915228366852e-11,34650.0,19200.0
149.99999999998181,33149.999999999985,19200.0
149.99999999996726,34650.000000000015,14999.999999999996
149.99999999998181,33149.999999999985,19200.0
299.99999999996726,33150.0,14999.999999999995
299.99999999996726,33150.0,14999.999999999995
149.99999999998181,33149.999999999985,19200.0
149.99999999996726,31649.999999999982,14999.999999999998
149.99999999996726,31649.999999999982,14999.999999999998
149.99999999998181,33149.999999999985,19200.0
299.99999999998545,31649.999999999996,19199.999999999996
299.99999999998545,31649.999999999996,19199.999999999996
149.99999999999272,30149.999999999982,19200.0
149.99999999996726,31649.999999999982,14999.999999999998
149.99999999996726,31649.999999999982,14999.999999999998
149.99999999999272,30149.999999999982,19200.0
-2.9103830456733704e-11,30149.999999999996,15000.0
-2.9103830456733704e-11,30149.999999999996,15000.0
149.99999999999272,30149.999999999982,19200.0
149.9999999999709,28649.999999999989,14999.999999999998
149.99999999999272,30149.999999999982,19200.0
-7.2759576141834259e-12,28649.999999999996,19200.0
149.9999999999709,28649.999999999989,14999.999999999998
-7.2759576141834259e-12,28649.999999999996,19200.0
150.0,27150.000000000004,19200.0
149.9999999999709,28649.999999999989,14999.999999999998
149.9999999999709,28649.999999999989,14999.999999999998
150.0,27150.000000000004,19200.0
299.99999999998545,27149.999999999996,15000.0
299.99999999998545,27149.999999999996,15000.0
150.0,27150.000000000004,19200.0
149.99999999998545,25649.999999999996,14999.999999999996
150.0,27150.000000000004,19200.0
300.0,25649.999999999996,19200.0
149.99999999998545,25649.999999999996,14999.999999999996
149.99999999998545,25649.999999999996,14999.999999999996
300.0,25649.999999999996,19200.0
150.00000000000728,24150.000000000004,19200.0
149.99999999998545,25649.999999999996,14999.999999999996
150.00000000000728,24150.000000000004,19200.0
-1.8189894035458565e-11,24149.999999999996,15000.0
-1.8189894035458565e-11,24149.999999999996,15000.0
150.00000000000728,24150.000000000004,19200.0
149.99999999997817,22649.999999999996,14999.999999999996
149.99999999997817,22649.999999999996,14999.999999999996
150.00000000000728,24150.000000000004,19200.0
-3.637978807091713e-12,22649.999999999996,19199.999999999996
-3.637978807091713e-12,22649.999999999996,19199.999999999996
150.00000000000364,21150.000000000004,19200.0
149.99999999997817,22649.999999999996,14999.999999999996
149.99999999997817,22649.999999999996,14999.999999999996
150.00000000000364,21150.000000000004,19200.0
299.99999999998909,21150.0,15000.0
299.99999999998909,21150.0,15000.0
150.00000000000364,21150.000000000004,19200.0
149.99999999998909,19649.999999999989,14999.999999999998
150.00000000000364,21150.000000000004,19200.0
300.00000000000728,19649.999999999993,19200.0
149.99999999998909,19649.999999999989,14999.999999999998
149.99999999998909,19649.999999999989,14999.999999999998
300.00000000000728,19649.999999999993,19200.0
150.00000000000364,18150.0,19199.999999999996
149.99999999998909,19649.999999999989,14999.999999999998
150.00000000000364,18150.0,19199.999999999996
-1.0913936421275139e-11,18149.999999999996,15000.0
-1.0913936421275139e-11,18149.999999999996,15000.0
150.00000000000364,18150.0,19199.999999999996
150.0,16649.999999999985,14999.999999999998
150.00000000000364,18150.0,19199.999999999996
1.8189894035458565e-11,16649.999999999996,19200.0
150.0,16649.999999999985,14999.999999999998
150.0,16649.999999999985,14999.999999999998
1.8189894035458565e-11,16649.999999999996,19200.0
150.00000000002183,15149.999999999993,19200.0
150.0,16649.999999999985,14999.999999999998
150.00000000002183,15149.999999999993,19200.0
300.0,15149.999999999985,14999.999999999996
300.0,15149.999999999985,14999.999999999996
150.00000000002183,15149.999999999993,19200.0
150.0,13649.999999999985,14999.999999999996
150.00000000002183,15149.999999999993,19200.0
300.00000000001819,13649.999999999996,19200.0
150.0,13649.999999999985,14999.999999999996
150.0,13649.999999999985,14999.999999999996
300.00000000001819,13649.999999999996,19200.0
150.0000000000291,12149.999999999993,19200.0
150.0,13649.999999999985,14999.999999999996
150.0000000000291,12149.999999999993,19200.0
1.0913936421275139e-11,12149.999999999982,15000.0
1.0913936421275139e-11,12149.999999999982,15000.0
150.0000000000291,12149.999999999993,19200.0
150.00000000001091,10649.999999999982,15000.0
150.0000000000291,12149.999999999993,19200.0
2.9103830456733704e-11,10649.999999999985,19200.0
150.00000000001091,10649.999999999982,15000.0
150.00000000001091,10649.999999999982,15000.0
2.9103830456733704e-11,10649.999999999985,19200.0
150.00000000002183,9149.9999999999891,19200.0
150.00000000001091,10649.999999999982,15000.0
150.00000000002183,9149.9999999999891,19200.0
300.00000000000364,9149.9999999999818,15000.0
300.00000000000364,9149.9999999999818,15000.0
150.00000000002183,9149.9999999999891,19200.0
150.00000000001091,7649.9999999999782,14999.999999999996
150.00000000002183,9149.9999999999891,19200.0
300.00000000003638,7649.9999999999891,19200.0
150.00000000001091,7649.9999999999782,14999.999999999996
300.00000000003638,7649.9999999999891,19200.0
150.00000000003638,6149.9999999999891,19200.0
150.00000000001091,7649.9999999999782,14999.999999999996
150.00000000001091,7649.9999999999782,14999.999999999996
150.00000000003638,6149.9999999999891,19200.0
1.8189894035458565e-11,6149.9999999999818,14999.999999999996
1.8189894035458565e-11,6149.9999999999818,14999.999999999996
150.00000000003638,6149.9999999999891,19200.0
150.00000000001819,4649.9999999999782,14999.999999999998
150.00000000003638,6149.9999999999891,19200.0
3.637978807091713e-11,4649.9999999999891,19200.0
150.00000000001819,4649.9999999999782,14999.999999999998
3.637978807091713e-11,4649.9999999999891,19200.0
150.00000000004366,3149.9999999999854,19200.0
150.00000000001819,4649.9999999999782,14999.999999999998
150.00000000001819,4649.9999999999782,14999.999999999998
150.00000000004366,3149.9999999999854,19200.0
300.00000000002183,3149.9999999999782,14999.999999999996
300.00000000002183,3149.9999999999782,14999.999999999996
150.00000000004366,3149.9999999999854,19200.0
150.00000000002547,1649.9999999999745,14999.999999999998
150.00000000004366,3149.9999999999854,19200.0
300.00000000004729,1649.9999999999818,19200.0
150.00000000002547,1649.9999999999745,14999.999999999998
150.00000000002547,1649.9999999999745,14999.999999999998
300.00000000004729,1649.9999999999818,19200.0
150.00000000004366,149.99999999993997,19200.0
150.00000000002547,1649.9999999999745,14999.999999999998
150.00000000004366,149.99999999993997,19200.0
2.5465851649641991e-11,-3.092281986027956e-11,14999.999999999998
2.5465851649641991e-11,-3.092281986027956e-11,14999.999999999998
150.00000000004366,149.99999999993997,19200.0
1649.9999999999527,149.99999999994543,15000.0
150.00000000004366,149.99999999993997,19200.0
1649.9999999999127,299.99999999998909,19200.0
1649.9999999999527,149.99999999994543,15000.0
1649.9999999999527,149.99999999994543,15000.0
1649.9999999999127,299.99999999998909,19200.0
3149.9999999999418,149.99999999993997,19200.0
1649.9999999999527,149.99999999994543,15000.0
3149.9999999999418,149.99999999993997,19200.0
3149.9999999999309,299.99999999998909,15000.000000000002
3149.9999999999309,299.99999999998909,15000.000000000002
3149.9999999999418,149.99999999993997,19200.0
4649.9999999999563,149.99999999995271,14999.999999999996
4649.9999999999563,149.99999999995271,14999.999999999996
3149.9999999999418,149.99999999993997,19200.0
4649.9999999999418,-3.2741809263825417e-11,19199.999999999996
19799.999999999949,7649.99999999996,14999.999999999996
19650.0,7649.9999999999745,19200.0
19650.0,9149.9999999999563,14999.999999999998
19650.0,9149.9999999999563,14999.999999999998
19650.0,7649.9999999999745,19200.0
19799.999999999949,9149.9999999999673,19199.999999999996
19799.999999999949,9149.9999999999673,19199.999999999996
19650.000000000007,10649.999999999971,19200.0
19650.0,9149.9999999999563,14999.999999999998
19650.0,9149.9999999999563,14999.999999999998
19650.000000000007,10649.999999999971,19200.0
19499.999999999993,10649.999999999967,15000.0
19499.999999999993,10649.999999999967,15000.0
19650.000000000007,10649.999999999971,19200.0
19649.999999999985,12149.99999999996,15000.0
19650.000000000007,10649.999999999971,19200.0
19500.000000000015,12149.999999999971,19200.0
19649.999999999985,12149.99999999996,15000.0
19649.999999999985,12149.99999999996,15000.0
19500.000000000015,12149.999999999971,19200.0
19650.000000000007,13649.999999999975,19200.0
19649.999999999985,12149.99999999996,15000.0
19650.000000000007,13649.999999999975,19200.0
19799.999999999942,13649.999999999967,14999.999999999998
19799.999999999942,13649.999999999967,14999.999999999998
19650.000000000007,13649.999999999975,19200.0
19649.999999999985,15149.999999999967,15000.0
19650.000000000007,13649.999999999975,19200.0
19799.999999999942,15149.999999999975,19200.0
19649.999999999985,15149.999999999967,15000.0
19649.999999999985,15149.999999999967,15000.0
19799.999999999942,15149.999999999975,19200.0
19649.999999999993,16649.999999999975,19200.0
19649.999999999985,15149.999999999967,15000.0
19649.999999999993,16649.999999999975,19200.0
19499.999999999985,16649.999999999964,15000.0
19499.999999999985,16649.999999999964,15000.0
19649.999999999993,16649.999999999975,19200.0
19649.999999999993,18149.999999999967,14999.999999999998
19649.999999999993,16649.999999999975,19200.0
19499.999999999993,18149.999999999967,19200.0
19649.999999999993,18149.999999999967,14999.999999999998
19649.999999999993,18149.999999999967,14999.999999999998
19499.999999999993,18149.999999999967,19200.0
19649.999999999985,19649.999999999975,19200.0
19649.999999999993,18149.999999999967,14999.999999999998
19649.999999999985,19649.999999999975,19200.0
19799.999999999913,19649.999999999971,15000.0
19799.999999999913,19649.999999999971,15000.0
19649.999999999985,19649.999999999975,19200.0
19649.999999999971,21149.999999999975,15000.0
19649.999999999985,19649.999999999975,19200.0
19799.999999999942,21149.999999999975,19199.999999999996
19649.999999999971,21149.999999999975,15000.0
19649.999999999971,21149.999999999975,15000.0
19799.999999999942,21149.999999999975,19199.999999999996
19649.999999999993,22649.999999999975,19200.0
19649.999999999971,21149.999999999975,15000.0
19649.999999999993,22649.999999999975,19200.0
19499.999999999978,22649.999999999975,14999.999999999998
19499.999999999978,22649.999999999975,14999.999999999998
19649.999999999993,22649.999999999975,19200.0
19649.999999999978,24149.999999999975,14999.999999999996
19649.999999999993,22649.999999999975,19200.0
19499.999999999985,24149.999999999982,19200.0
19649.999999999978,24149.999999999975,14999.999999999996
19649.999999999978,24149.999999999975,14999.999999999996
19499.999999999985,24149.999999999982,19200.0
19649.999999999978,25649.999999999982,19200.0
19649.999999999978,24149.999999999975,14999.999999999996
19649.999999999978,25649.999999999982,19200.0
19799.999999999913,25649.999999999967,15000.0
19799.999999999913,25649.999999999967,15000.0
19649.999999999978,25649.999999999982,19200.0
19649.999999999971,27149.999999999975,15000.0
19649.999999999971,27149.999999999975,15000.0
19649.999999999978,25649.999999999982,19200.0
19799.999999999927,27149.999999999982,19200.0
19649.999999999971,27149.999999999975,15000.0
19799.999999999927,27149.999999999982,19200.0
19649.999999999978,28649.999999999982,19200.0
19649.999999999971,27149.999999999975,15000.0
19649.999999999978,28649.999999999982,19200.0
19499.999999999964,28649.999999999967,14999.999999999996
19499.999999999964,28649.999999999967,14999.999999999996
19649.999999999978,28649.999999999982,19200.0
19649.999999999964,30149.999999999982,14999.999999999998
19649.999999999978,28649.999999999982,19200.0
19499.999999999971,30149.999999999982,19200.0
19649.999999999964,30149.999999999982,14999.999999999998
19649.999999999964,30149.999999999982,14999.999999999998
19499.999999999971,30149.999999999982,19200.0
19649.999999999971,31649.999999999975,19200.0
19649.999999999964,30149.999999999982,14999.999999999998
19649.999999999971,31649.999999999975,19200.0
19799.999999999898,31649.999999999967,14999.999999999996
19799.999999999898,31649.999999999967,14999.999999999996
19649.999999999971,31649.999999999975,19200.0
19649.999999999956,33149.999999999985,15000.0
19649.999999999971,31649.999999999975,19200.0
19799.999999999913,33149.999999999971,19200.0
19649.999999999956,33149.999999999985,15000.0
19649.999999999956,33149.999999999985,15000.0
19799.999999999913,33149.999999999971,19200.0
19649.999999999964,34649.999999999971,19200.0
19649.999999999956,33149.999999999985,15000.0
19649.999999999964,34649.999999999971,19200.0
19499.999999999949,34649.999999999971,15000.000000000004
19499.999999999949,34649.999999999971,15000.000000000004
19649.999999999964,34649.999999999971,19200.0
19649.999999999942,36149.999999999971,14999.999999999996
19649.999999999964,34649.999999999971,19200.0
19499.999999999949,36149.999999999971,19200.0
19649.999999999942,36149.999999999971,14999.999999999996
19649.999999999942,36149.999999999971,14999.999999999996
19499.999999999949,36149.999999999971,19200.0
19649.999999999942,37649.999999999971,19200.0
19649.999999999942,36149.999999999971,14999.999999999996
19649.999999999942,37649.999999999971,19200.0
19799.999999999884,37799.999999999927,14999.999999999998
19799.999999999884,37799.999999999927,14999.999999999998
19649.999999999942,37649.999999999971,19200.0
18150.000000000007,37649.999999999971,15000.000000000002
19649.999999999942,37649.999999999971,19200.0
18150.000000000007,37499.999999999942,19200.0
18150.000000000007,37649.999999999971,15000.000000000002
18150.000000000007,37649.999999999971,15000.000000000002
18150.000000000007,37499.999999999942,19200.0
16650.0,37649.999999999956,19200.0
18150.000000000007,37649.999999999971,15000.000000000002
16650.0,37649.999999999956,19200.0
16650.0,37499.999999999942,14999.999999999998
16650.0,37499.999999999942,14999.999999999998
16650.0,37649.999999999956,19200.0
15150.000000000015,37649.999999999971,15000.0
16650.0,37649.999999999956,19200.0
15150.000000000015,37799.999999999942,19200.0
15150.000000000015,37649.999999999971,15000.0
15150.000000000015,37649.999999999971,15000.0
15150.000000000015,37799.999999999942,19200.0
13650.000000000007,37649.999999999956,19200.0
15150.000000000015,37649.999999999971,15000.0
13650.000000000007,37649.999999999956,19200.0
13650.000000000015,37799.999999999956,15000.0
13650.000000000015,37799.999999999956,15000.0
13650.000000000007,37649.999999999956,19200.0
12150.0,37649.999999999971,14999.999999999998
13650.000000000007,37649.999999999956,19200.0
12150.000000000015,37499.999999999942,19200.0
12150.0,37649.999999999971,14999.999999999998
12150.0,37649.999999999971,14999.999999999998
12150.000000000015,37499.999999999942,19200.0
10650.0,37649.999999999956,19200.0
12150.0,37649.999999999971,14999.999999999998
10650.0,37649.999999999956,19200.0
10650.000000000015,37499.999999999956,14999.999999999998
10650.000000000015,37499.999999999956,14999.999999999998
10650.0,37649.999999999956,19200.0
9150.0000000000146,37649.999999999956,14999.999999999998
10650.0,37649.999999999956,19200.0
9150.0000000000146,37799.999999999956,19200.0
9150.0000000000146,37649.999999999956,14999.999999999998
9150.0000000000146,37799.999999999956,19200.0
7650.0,37649.999999999942,19200.0
9150.0000000000146,37649.999999999956,14999.999999999998
9150.0000000000146,37649.999999999956,14999.999999999998
7650.0,37649.999999999942,19200.0
7650.0000000000146,37799.999999999956,14999.999999999998
7650.0000000000146,37799.999999999956,14999.999999999998
7650.0,37649.999999999942,19200.0
6150.0000000000073,37649.999999999956,14999.999999999998
7650.0,37649.999999999942,19200.0
6150.0,37499.999999999971,19200.0
6150.0000000000073,37649.999999999956,14999.999999999998
6150.0000000000073,37649.999999999956,14999.999999999998
6150.0,37499.999999999971,19200.0
4650.0000000000036,37649.999999999956,19200.0
6150.0000000000073,37649.999999999956,14999.999999999998
4650.0000000000036,37649.999999999956,19200.0
4650.0000000000073,37499.999999999971,14999.999999999996
4650.0000000000073,37499.999999999971,14999.999999999996
4650.0000000000036,37649.999999999956,19200.0
3150.0000000000073,37649.999999999971,15000.0
4650.0000000000036,37649.999999999956,19200.0
3150.0,37799.999999999985,19200.0
3150.0000000000073,37649.999999999971,15000.0
3150.0000000000073,37649.999999999971,15000.0
3150.0,37799.999999999985,19200.0
1650.0,37649.999999999956,19200.0
3150.0000000000073,37649.999999999971,15000.0
1650.0,37649.999999999956,19200.0
1649.9999999999964,37799.999999999985,15000.000000000004
1649.9999999999964,37799.999999999985,15000.000000000004
1650.0,37649.999999999956,19200.0
149.99999999996362,37649.999999999971,15000.0
1650.0,37649.999999999956,19200.0
299.9999999999709,37500.0,19199.999999999996
149.99999999996362,37649.999999999971,15000.0
